{
  "CategoryAlignment": 0.6825,
  "Classic": {
    "precision@10": 0.12200000882148743,
    "recall@10": 0.1190592463092463,
    "mrr": 0.3341098129749298
  }
}