{
  "threshold": 0.9011476635932922,
  "accuracy": 0.9402985074626866,
  "precision": 0.9545454545454546,
  "recall": 0.75,
  "f1": 0.84,
  "roc_auc": 0.9821428571428572,
  "pr_auc": 0.9492089890289774,
  "tn": 105,
  "fp": 1,
  "fn": 7,
  "tp": 21,
  "class_prevalence": 0.208955223880597,
  "n_samples": 134
}